Строительство быстровозводимых домов для социально уязвимых групп населения,Генератор инициативных обращений,Концептуальный дизайн-проект библиотеки нового поколения,Современные дороги и тротуары,SfeduNet 5.0 з1 Модульный офис СБЕР,Концептуальный дизайн-проект библиотеки нового поколения,Очки виртуальной реальности для просмотра спектра недвижимости,Очки виртуальной реальности для просмотра спектра недвижимости,SfeduNet 5.0 з1 Модульный офис СБЕР,WOODГИПС,Программа экономического обоснования социально ориентированных проектов,Креативные пространства малых городов. В поисках национальной идентичности.,WOODГИПС,Креативные пространства малых городов. В поисках национальной идентичности.,Настольная игра,Строительство быстровозводимых домов для социально уязвимых групп населения,Программа экономического обоснования социально ориентированных проектов,Расчет стоимости доставки товара,Современные дороги и тротуары,Расчет стоимости доставки товара,Настольная игра,Генератор инициативных обращений





